Codigo Procedimento;Procedimento;Especialidade Tipo Caixa;Caixa
0401020061;EXÉRESE DE CISTO BRANQUIAL;Cabeça e Pescoço;1
0401020096;EXÉRESE DE CISTO TIREOGLOSSO;Cabeça e Pescoço;1
0402010027;PARATIREOIDECTOMIA;Cabeça e Pescoço;1
0402010035;TIREOIDECTOMIA PARCIAL;Cabeça e Pescoço;1
0402010043;TIREOIDECTOMIA TOTAL;Cabeça e Pescoço;1
0404010113;EXÉRESE DE PAPILOMA EM LARINGE;Cabeça e Pescoço;1
0404010172;LARINGECTOMIA PARCIAL;Cabeça e Pescoço;1
0404010466;PAROTIDECTOMIA PARCIAL OU SUBTOTAL;Cabeça e Pescoço;1
0404020070;RESSECÇÃO DE GLÂNDULA SALIVAR;Cabeça e Pescoço;1
0404020143;GLOSSECTOMIA PARCIAL;Cabeça e Pescoço;1
0404020275;RESSECÇÃO DE LESÃO MALIGNA E BENIGNA DA REGIÃO CRANIO E BUCOMAXILOFACIAL;Cabeça e Pescoço;1
0404020356;TRATAMENTO CIRÚRGICO DE FÍSTULA E CISTOS ORO-MAXILARES;Cabeça e Pescoço;1
0404020399;TRATAMENTO CIRÚRGICO DE PARALISIA FACIAL (SUSPENSÃO DE HEMIFACE);Cabeça e Pescoço;1
0404020534;OSTEOSSÍNTESE DE FRATURA DO COMPLEXO NASO-ÓRBITO-ETMOIDAL;Cabeça e Pescoço;1
0404020623;RETIRADA DE MATERIAL DE SÍNTESE ÓSSEA / DENTÁRIA;Cabeça e Pescoço;1
0404020658;TRATAMENTO CIRÚRGICO DE OSTEOMA, ODONTOMA /OUTRAS LESÕES ESPECIFICADAS;Cabeça e Pescoço;1
0404020720;OSTEOSSÍNTESE DE FRATURA BILATERAL DO CÔNDILO MANDIBULAR;Cabeça e Pescoço;1
0404020771;RESSECÇÃO DE LESÃO DA BOCA;Cabeça e Pescoço;1
0404030050;OSTEOTOMIA DA MANDÍBULA EM PACIENTE COM ANOMALIA CRÂNIO E BUCOMAXILOFACIAL;Cabeça e Pescoço;1
0404030297;OSTEOTOMIA CRANIOFACIAL COMPLEXA EM PACIENTE COM ANOMALIA CRÂNIO E BUCOMAXILOFACIAL;Cabeça e Pescoço;1
0406020159;EXERESE DE GANGLIO LINFÁTICO;Cabeça e Pescoço;1
0406020248;LINFADENECTOMIA RADICAL CERVICAL UNILATERAL;Cabeça e Pescoço;1
0412010100;TRAQUEOPLASTIA E/OU LARINGOTRAQUEOPLASTIA;Cabeça e Pescoço;1
0414010329;TRATAMENTO CIRÚRGICO DE CISTO DO COMPLEXO MAXILO-MANDIBULAR;Cabeça e Pescoço;1
0414010345;EXCISÃO DE CÁLCULO DE GLÂNDULA SALIVAR;Cabeça e Pescoço;1
0414020138;EXODONTIA DE DENTE PERMANENTE;Cabeça e Pescoço;1
0414020278;REMOÇÃO DE DENTE RETIDO (INCLUSO / IMPACTADO);Cabeça e Pescoço;1
0414020413;TRATAMENTO ODONTOLÓGICO PARA PACIENTES COM NECESSIDADES ESPECIAIS;Cabeça e Pescoço;1
0404020089;EXCISÃO DE RÂNULA OU FENÔMENO DE RETENÇÃO SALIVAR;Cabeça e Pescoço;1
0414010361;EXERESE DE CISTO ODONTOGÊNICO E NÃO- ODONTOGÊNICO;Cabeça e Pescoço;1
0416030033;RESSECÇÃO DE GLANDULA SUBLINGUAL EM ONCOLOGIA;Cabeça e Pescoço;1
0416030041;RESSECÇÃO DE GLÂNDULA SUBMANDIBULAR EM ONCOLOGIA;Cabeça e Pescoço;1
0406010137;CORREÇÃO DE ANEURISMA / DISSECÇÃO DA AORTA TORACO- ABDOMINAL;Cardiologia;1
0406010480;CORREÇÃO DO CANAL ÁTRIO-VENTRICULAR (PARCIAL / INTERMEDIÁRIO);Cardiologia;1
0406010536;FECHAMENTO DE COMUNICAÇÃO INTERATRIAL;Cardiologia;1
0406010676;IMPLANTE DE MARCAPASSO DE CÂMARA ÚNICA TRANSVENOSO;Cardiologia;1
0406010692;IMPLANTE DE PRÓTESE VALVAR;Cardiologia;1
0406010706;INFARTECTOMIA / ANEURISMECTOMIA ASSOCIADA OU NÃO A REVASCULARIZAÇÃO MIOCÁRDICA;Cardiologia;1
0406010820;PLÁSTICA VALVAR E/OU TROCA VALVAR MÚLTIPLA;Cardiologia;1
0406010897;RESSECÇÃO DE MEMBRANA SUB-AÓRTICA;Cardiologia;1
0406010927;REVASCULARIZAÇÃO MIOCÁRDICA COM USO DE EXTRACÓRPOREA;Cardiologia;1
0406010935;REVASCULARIZAÇÃO MIOCÁRDICA C/ USO DE EXTRACÓRPOREA (C/ 2 OU MAIS ENXERTOS);Cardiologia;1
0406010943;REVASCULARIZAÇÃO MIOCÁRDICA S/ USO DE EXTRACORPÓREA;Cardiologia;1
0406010951;REVASCULARIZAÇÃO MIOCÁRDICA S/ USO DE EXTRACORPÓREA (C/ 2 OU MAIS ENXERTOS);Cardiologia;1
0406011036;TROCA DE ELETRODOS DE MARCAPASSO DE CÂMARA DUPLA;Cardiologia;1
0406011044;TROCA DE ELETRODOS DE MARCAPASSO DE CÂMARA ÚNICA;Cardiologia;1
0406011052;TROCA DE ELETRODOS DE MARCAPASSO EM CARDIO-DESFIBRILADOR DE CAMARA DUPLA TRANSVENOSO;Cardiologia;1
0406011125;TROCA DE GERADOR DE MARCAPASSO DE CÂMARA DUPLA;Cardiologia;1
0406011206;TROCA VALVAR C/ REVASCULARIZAÇÃO MIOCÁRDICA;Cardiologia;1
0406011451;FECHAMENTO DE COMUNICACAO INTERATRIAL (CRIANÇA E ADOLESCENTE);Cardiologia;1
0406020043;ANEURISMECTOMIA DE AORTA ABDOMINAL INFRA- INFRA-RENAL;Cardiologia;1
0406020337;PONTE DE RAMOS DOS TRONCOS SUPRA- AORTICOS;Cardiologia;1
0406030014;ANGIOPLASTIA CORONARIANA;Cardiologia;1
0406030022;ANGIOPLASTIA CORONARIANA C/ IMPLANTE DE DOIS STENTS;Cardiologia;1
0406030030;ANGIOPLASTIA CORONARIANA COM IMPLANTE DE STENT;Cardiologia;1
0406030049;ANGIOPLASTIA CORONARIANA PRIMÁRIA;Cardiologia;1
0406030057;ANGIOPLASTIA COM IMPLANTE DE DUPLO STENT EM AORTA/ARTERIA PULMONAR E RAMOS;Cardiologia;1
0406030065;ANGIOPLASTIA EM ENXERTO CORONARIANO;Cardiologia;1
0408030631;REVISÃO DE ARTRODESE / TRATAMENTO CIRÚRGICO DE PSEUDARTROSE DA COLUNA TORACO-LOMBO- SACRA POSTERIOR;Cardiologia;1
0401010031;DRENAGEM DE ABSCESSO;Cirurgia Geral;2
0401010058;EXCISAO DE LESAO E/OU SUTURA DE FERIMENTO DA PELE ANEXOS E MUCOSA;Cirurgia Geral;2
0401010066;EXCISÃO E/OU SUTURA SIMPLES DE PEQUENAS LESÕES / FERIMENTOS DE PELE / ANEXOS E MUCOSA;Cirurgia Geral;2
0401010074;EXERESE DE TUMOR DE PELE E ANEXOS / CISTO SEBACEO / LIPOMA;Cirurgia Geral;2
0401010104;INCISAO E DRENAGEM DE ABSCESSO;Cirurgia Geral;2
0401020045;EXCISÃO E ENXERTO DE PELE (HEMANGIOMA, NEVUS OU TUMOR );Cirurgia Geral;2
0401020053;EXCISÃO E SUTURA DE LESAO NA PELE C/ PLÁSTICA EM Z OU ROTAÇÃO DE RETALHO;Cirurgia Geral;2
0401020070;EXÉRESE DE CISTO DERMOIDE;Cirurgia Geral;2
0401020100;EXTIRPAÇÃOE SUPRESSÃO DE LESÃO DE PELE E DE TECIDO CELULAR SUBCUTÂNEO;Cirurgia Geral;2
0404010121;EXÉRESE DE TUMOR DE VIAS AEREAS SUPERIORES, FACE E PESCOÇO;Cirurgia Geral;2
0404020054;DRENAGEM DE ABSCESSO DA BOCA E ANEXOS;Cirurgia Geral;2
0406020205;LINFADENECTOMIA PROFUNDA;Cirurgia Geral;2
0406020299;LINFADENECTOMIA SUPERFICIAL;Cirurgia Geral;2
0406020540;TRATAMENTO CIRÚRGICO DE LESÕES VASCULARES TRAUMÁTICAS DO ABDÔMEN;Cirurgia Geral;2
0407010025;DILATAÇÃO ESOFÁGICA / PILÓRICA;Cirurgia Geral;2
0407010084;ESOFAGOPLASTIA / GASTROPLASTIA;Cirurgia Geral;2
0407010092;ESOFAGORRAFIA CERVICAL;Cirurgia Geral;2
0407010130;GASTRECTOMIA PARCIAL COM OU SEM VAGOTOMIA;Cirurgia Geral;2
0407010173;GASTROPLASTIA COM DERIVAÇÃO INTESTINAL;Cirurgia Geral;2
0407010211;GASTROSTOMIA;Cirurgia Geral;2
0407010220;GASTROSTOMIA VIDEOLAPAROSCÓPICA;Cirurgia Geral;2
0407010270;TRATAMENTO CIRÚRGICO DE ACALASIA (CARDIOMIOPLASTIA);Cirurgia Geral;2
0407010289;TRATAMENTO CIRÚRGICO DE DIVERTÍCULO DO TUBO DIGESTIVO;Cirurgia Geral;2
0407010297;TRATAMENTO CIRÚRGICO DE REFLUXO GASTROESOFÁGICO;Cirurgia Geral;2
0407010300;TRATAMENTO CIRÚRGICO DE VARIZES ESOFÁGICAS;Cirurgia Geral;2
0407010319;TRATAMENTO ESCLEROSANTE / LIGADURA ELÁSTICA DE LESÂO HEMORRÁGICA DO APARELHO DIGESTIVO;Cirurgia Geral;2
0407010335;TRATAMETO CIRÚRGICO DE MEGAESÔFAGO SEM RESSECÇÃO/ CONSERVADOR;Cirurgia Geral;2
0407010360;GASTRECTOMIA VERTICAL EM MANGA (SLEEVE);Cirurgia Geral;2
0407020063;COLECTOMIA PARCIAL (HEMICOLECTOMIA);Cirurgia Geral;2
0407020101;COLOSTOMIA;Cirurgia Geral;2
0407020128;DILATAÇÃO DIGITAL / INSTRUMENTAL DO ÂNUS E/OU RETO;Cirurgia Geral;2
0407020241;FECHAMENTO DE ENTEROSTOMIA (QUALQUER SEGMENTO);Cirurgia Geral;2
0407020306;JEJUNOSTOMIA / ILEOSTOMIA;Cirurgia Geral;2
0407020420;TRATAMENTO CIRÚRGICO DE ANOMALIAS CONGENITAS DO ANUS E RETO;Cirurgia Geral;2
0407030018;ANASTOMOSE BILEO- DIGESTIVA;Cirurgia Geral;2
0407030050;COLEDOCOPLASTIA;Cirurgia Geral;2
0407030069;COLEDOCOTOMIA COM OU SEM COLECISTECTOMIA;Cirurgia Geral;2
0407030123;ESPLENECTOMIA;Cirurgia Geral;2
0407030131;HEPATECTOMIA PARCIAL;Cirurgia Geral;2
0407030174;MARSUPIALIZAÇÃO DE ABSCESSO / CISTO;Cirurgia Geral;2
0407030182;PANCREATECTOMIA PARCIAL;Cirurgia Geral;2
0407030255;COLANGIOPANCREATOGRAFIA RETRÓGRADA ENDOSCÓPICA TERAPÊUTICA;Cirurgia Geral;2
0407040161;LAPAROTOMIA EXPLORADORA;Cirurgia Geral;2
0407040170;LAPAROTOMIA VIDEOLAPAROSCÓPICA PARA DRENAGEM E/OU BIÓPSIA;Cirurgia Geral;2
0407040188;LIBERAÇÃO DE ADERÊNCIAS INTESTINAIS;Cirurgia Geral;2
0408060310;RESSECÇÃO SIMPLES DE TUMOR ÓSSEO / DE PARTES MOLES;Cirurgia Geral;2
0409010120;DIVERTICULECTOMIA VESICAL;Cirurgia Geral;2
0412020068;TIMECTOMIA;Cirurgia Geral;2
0415040027;DEBRIDAMENTO DE FASCEITE NECROTIZANTE;Cirurgia Geral;2
0415040035;DEBRIDAMENTO DE ULCERA / DE TECIDOS DESVITALIZADOS;Cirurgia Geral;2
0416080120;EXTIRPAÇÃO MÚLTIPLA DE LESÃO DA PELE OU TECIDO CELULAR SUBCUTÂNEO EM ONCOLOGIA;Cirurgia Geral;2
0407030026;COLECISTECTOMIA;Cirurgia Geral;3
0407030034;COLECISTECTOMIA VIDEOLAPAROSCÓPICA;Cirurgia Geral;3
0407030042;COLECISTOSTOMIA;Cirurgia Geral;3
0407030077;COLEDOCOTOMIA VIDEOLAPAROSCÓPICA;Cirurgia Geral;3
0407040048;HERNIOPLASTIA DIAFRAGMÁTICA (VIA ABDOMINAL);Cirurgia Geral;4
0407040056;HERNIOPLASTIA DIAFRAGMÁTICA (VIA TORÁCICA);Cirurgia Geral;4
0407020187;ENTEROANASTOMOSE (QUALQUER SEGMENTO);Cirurgia Geral;5
0407040129;HERNIOPLASTIA UMBILICAL;Cirurgia Geral;5
0407040030;DRENAGEM DE HEMATOMA / ABSCESSO PRE-PERITONEAL;Cirurgia Geral;5
0407040064;HERNIOPLASTIA EPIGASTRICA;Cirurgia Geral;5
0407040080;HERNIOPLASTIA INCISIONAL;Cirurgia Geral;5
0407040099;HERNIOPLASTIA INGUINAL (BILATERAL);Cirurgia Geral;5
0407040102;HERNIOPLASTIA INGUINAL/ CRURAL (UNILATERAL);Cirurgia Geral;5
0407040110;HERNIOPLASTIA RECIDIVANTE;Cirurgia Geral;5
0407040137;HERNIORRAFIA INGUINAL VIDEOLAPAROSCÓPICA;Cirurgia Geral;5
0407040145;HERNIORRAFIA SEM RESSECÇÃO INTESTINAL (HÉRNIA ESTRANGULADA);Cirurgia Geral;5
0407040153;HERNIORRAFIA UMBILICAL VIDEOLAPAROSCÓPICA;Cirurgia Geral;5
0407040226;REPARACAO DE OUTRAS HERNIAS;Cirurgia Geral;5
0407040072;HERNIOPLASTIA EPIGASTRICA VIDEOLAPAROSCOPICA;Cirurgia Geral;5
0409010499;TRATAMENTO CIRURGICO DE INCONTINENCIA URINARIA VIA ABDOMINAL;Ginecológica;6
0409020117;TRATAMENTO CIRÚRGICO DEINCONTINÊNCIA URINÁRIA;Ginecológica;6
0409060020;COLPOPERINEOPLASTIA ANTERIOR E POSTERIOR C/ AMPUTACAO DE COLO;Ginecológica;6
0409070041;COLPOPERINEOCLEISE;Ginecológica;6
0409070068;COLPOPERINEOPLASTIA POSTERIOR;Ginecológica;6
0409070076;COLPOPERINEORRAFIA NAO OBSTETRICA;Ginecológica;6
0409070084;COLPOPLASTIA ANTERIOR;Ginecológica;6
0409070270;TRATAMENTO CIRURGICO DE INCONTINÊNCIA URINÁRIA POR VIA VAGINAL;Ginecológica;6
0409060038;EXCISÃO TIPO 3 DO COLO UTERINO;Ginecológica;7
0409060046;CURETAGEM SEMIOTICA C/ OU S/ DILATACAO DO COLO DO UTERO;Ginecológica;7
0409060186;LAQUEADURA TUBARIA;Ginecológica;7
0401010112;RETIRADA DE CORPO ESTRANHO SUBCUTANEO;Ginecológica;8
0404020208;LABIOPLASTIA PARA REDUÇÃO OU CORREÇÃO DA HIPERTROFIA DO LÁBIO;Ginecológica;8
0409010430;TRATAMENTO CIRÚRGICO DE CISTOCELE;Ginecológica;8
0409060011;CERCLAGEM DE COLO DO UTERO;Ginecológica;8
0409060089;EXCISÃO TIPO I DO COLO UTERINO;Ginecológica;8
0409060194;MIOMECTOMIA;Ginecológica;8
0409060208;MIOMECTOMIA VIDEOLAPAROSCOPICA;Ginecológica;8
0409060216;OOFORECTOMIA / OOFOROPLASTIA;Ginecológica;8
0409060232;SALPINGECTOMIA UNI / BILATERAL;Ginecológica;8
0409060240;SALPINGECTOMIA VIDEOLAPAROSCOPICA;Ginecológica;8
0409060267;SALPINGOPLASTIA VIDEOLAPAROSCOPICA;Ginecológica;8
0409060275;TRAQUELOPLASTIA;Ginecológica;8
0409070025;COLPECTOMIA;Ginecológica;8
0409070033;COLPOCLEISE (CIRURGIA DE LE FORT);Ginecológica;8
0409070092;COLPORRAFIA NAO OBSTETRICA;Ginecológica;8
0409070106;COLPOTOMIA;Ginecológica;8
0409070122;DRENAGEM DE GLANDULA DE BARTHOLIN / SKENE;Ginecológica;8
0409070149;EXERESE DE CISTO VAGINAL;Ginecológica;8
0409070157;EXERESE DE GLÂNDULA DE BARTHOLIN / SKENE;Ginecológica;8
0409070165;EXTIRPACAO DE LESAO DE VULVA / PERINEO (POR ELETROCOAGULACAO OU FULGURACAO);Ginecológica;8
0409070190;MARSUPIALIZACAO DE GLÂNDULA DE BARTOLIN;Ginecológica;8
0409070203;OPERACAO DE BURCH;Ginecológica;8
0409070220;TRATAMENTO CIRURGICO DE COAPTACAO DE NINFAS;Ginecológica;8
0409070254;TRATAMENTO CIRURGICO DE FISTULA VESICO- VAGINAL;Ginecológica;8
0409070262;TRATAMENTO CIRURGICO DE HIPERTROFIA DOS PEQUENOS LABIOS;Ginecológica;8
0409070300;VULVECTOMIA SIMPLES;Ginecológica;8
0416060080;TRAQUELECTOMIA RADICAL EM ONCOLOGIA;Ginecológica;8
0409060100;HISTERECTOMIA (POR VIA VAGINAL);Ginecológica;9
0409060119;HISTERECTOMIA C/ ANEXECTOMIA (UNI / BILATERAL);Ginecológica;9
0409060127;HISTERECTOMIA SUBTOTAL;Ginecológica;9
0409060135;HISTERECTOMIA TOTAL;Ginecológica;9
0409060291;HISTERECTOMIA C/ ANEXECTOMIA BILATERAL E COLPECTOMIA SOB PROCESSO TRANSEXUALIZADOR;Ginecológica;9
0411020030;HISTERECTOMIA PUERPERAL;Ginecológica;9
0416060110;HISTERECTOMIA COM OU SEM ANEXECTOMIA (UNI / BILATERAL) EM ONCOLOGIA;Ginecológica;9
0410010111;SETORECTOMIA / QUADRANTECTOMIA;Mastologia;10
0410010120;SETORECTOMIA / QUADRANTECTOMIA C/ ESVAZIAMENTO GANGLIONAR;Mastologia;10
0403010012;CRANIOPLASTIA;Neurológica;11
0403010101;DERIVAÇÃO VENTRICULAR PARA PERITÔNEO / ÁTRIO / PLEURA / RAQUE;Neurológica;11
0403010179;RETIRADA DE PLACA DE CRANIOPLASTIA;Neurológica;11
0403010241;TRATAMENTO CIRÚRGICO DE FÍSTULA LIQUORICA CRANIANA;Neurológica;11
0403020034;MICROCIRURGIA DE PLEXO BRAQUIAL COM EXPLORAÇÃO E NEUROLISE;Neurológica;11
0403020050;MICRONEUROLISE DE NERVO PERIFERICO;Neurológica;11
0403020077;NEUROLISE NAO FUNCIONAL DE NERVOS PERIFERICOS;Neurológica;11
0403020085;NEURORRAFIA;Neurológica;11
0403020107;TRANSPOSICAO DO NERVO CUBITAL;Neurológica;11
0403020115;TRATAMENTO CIRÚRGICO DE NEUROPATIA COMPRESSIVA COM OU SEM MICROCIRÚRGIA;Neurológica;11
0403020131;TRATAMENTO MICROCIRÚRGICO DE TUMOR DE NERVO PERIFÉRICO / NEUROMA;Neurológica;11
0403030056;CRANIECTOMIA POR TUMOR OSSEO;Neurológica;11
0403030064;HIPOFISECTOMIA TRANSESFENOIDAL POR TECNICA COMPLEMENTAR;Neurológica;11
0403030080;MICROCIRURGIA DE TUMOR INTRADURAL E EXTRAMEDULAR;Neurológica;11
0403030129;MICROCIRURGIA PARA TUMOR DA BASE DO CRANIO;Neurológica;11
0403030145;MICROCIRURGIA PARA TUMOR INTRACRANIANO;Neurológica;11
0403030153;MICROCIRURGIA PARA TUMOR INTRACRANIANO (COM TÉCNICA COMPLEMENTAR);Neurológica;11
0403040027;DESCOMPRESSÃO NEUROVASCULAR DE NERVOS CRANIANOS;Neurológica;11
0403040051;MICROCIRURGIA PARA MALFORMAÇÃO ARTÉRIO- VENOSA CEREBRAL;Neurológica;11
0403040060;MICROCIRURGIA PARA MALFORMAÇÃO ARTERIO- VENOSA CEREBRAL PROFUNDA;Neurológica;11
0403050030;BLOQUEIOS PROLONGADOS DE SISTEMA NERVOSO PERIFÉRICO / CENTRAL COM BOMBA DE INFUSÃO;Neurológica;11
0403050090;RIZOTOMIA PERCUTANEA COM BALÃO;Neurológica;11
0403050103;RIZOTOMIA / NEUROTOMIA PERCUTÂNEA POR RADIOFREQUÊNCIA;Neurológica;11
0408020032;ARTRODESE DE MÉDIAS / GRANDES ARTICULAÇÕES DE MEMBRO SUPERIOR;Neurológica;11
0408030011;ARTRODESE CERVICAL / CERVICO TORÁCICA POSTERIOR CINCO NIVEIS;Neurológica;11
0408030038;ARTRODESE CERVICAL / CERVICO-TORÁCICA POSTERIOR DOIS NÍVEIS;Neurológica;11
0408030046;ARTRODESE CERVICAL / CERVICO-TORÁCICA POSTERIOR SEIS NÍVEIS;Neurológica;11
0408030054;ARTRODESE CERVICAL / CERVICO-TORÁCICA POSTERIOR TRES NÍVEIS;Neurológica;11
0408030062;ARTRODESE CERVICAL ANTERIOR TRÊS NIVEIS;Neurológica;11
0408030070;ARTRODESE CERVICAL ANTERIOR DOIS NÍVEIS;Neurológica;11
0408030100;ARTRODESE CERVICAL ANTERIOR QUATRO NÍVEIS;Neurológica;11
0408030119;ARTRODESE CERVICAL ANTERIOR UM NÍVEL;Neurológica;11
0408030135;ARTRODESE INTERSOMATICA VIA POSTERIOR / POSTERO- LATERAL UM NÍVEL;Neurológica;11
0408030143;ARTRODESE INTERSOMATICA VIA POSTERIOR / POSTERO- LATERAL DOIS NÍVEIS;Neurológica;11
0408030151;ARTRODESE INTERSOMATICA VIA POSTERIOR / POSTERO- LATERAL QUATRO NÍVEIS;Neurológica;11
0408030160;ARTRODESE INTERSOMATICA VIA POSTERIOR / POSTERO- LATERAL TRES NÍVEIS;Neurológica;11
0408030232;ARTRODESE TORACO- LOMBO-SACRA ANTERIOR UM NÍVEL;Neurológica;11
0408030240;ARTRODESE TORACO- LOMBO-SACRA ANTERIOR DOIS NIVEIS;Neurológica;11
0408030259;ARTRODESE TORACO- LOMBO-SACRA ANTERIOR, TRES NIVEIS,;Neurológica;11
0408030267;ARTRODESE TORACO- LOMBO-SACRA POSTERIOR UM NÍVEL;Neurológica;11
0408030275;ARTRODESE TORACO- LOMBO-SACRA POSTERIOR TRÊS NIVEIS;Neurológica;11
0408030283;ARTRODESE TORACO- LOMBO-SACRA POSTERIOR CINCO NÍVEIS;Neurológica;11
0408030291;ARTRODESE TORACO- LOMBO-SACRA POSTERIOR, DOIS NÍVEIS,;Neurológica;11
0408030305;ARTRODESE TORACO- LOMBO-SACRA POSTERIOR, QUATRO NÍVEIS,;Neurológica;11
0408030313;ARTRODESE TORACO- LOMBO-SACRA POSTERIOR, SEIS NÍVEIS,;Neurológica;11
0408030321;ARTRODESE TORACO- LOMBO-SACRA POSTERIOR, SETE NIVEIS,;Neurológica;11
0408030364;DESCOMPRESSÃO OSSEA NA JUNÇÃO CRANIO- CERVICAL VIA POSTERIOR;Neurológica;11
0408030380;DISCECTOMIA CERVICAL / LOMBAR / LOMBO-SACRA POR VIA POSTERIOR (1 NÍVEL C/ MICROSCÓPIO);Neurológica;11
0408030399;DISCECTOMIA CERVICAL / LOMBAR / LOMBO-SACRA POR VIA POSTERIOR (UM NÍVEL);Neurológica;11
0408030402;DISCECTOMIA CERVICAL / LOMBAR / LOMBO-SACRA POR VIA POSTERIOR (DOIS NÍVEIS);Neurológica;11
0408030410;DISCECTOMIA CERVICAL / LOMBAR / LOMBO-SACRA POR VIA POSTERIOR (DOIS OU MAIS NÍVEIS C/ MICROSCÓPIO);Neurológica;11
0408030429;DISCECTOMIA CERVICAL ANTERIOR (ATÉ 2 NÍVEIS C/ MICROSCÓPIO);Neurológica;11
0408030437;DISCECTOMIA CERVICAL POR VIA ANTERIOR (1 NÍVEL);Neurológica;11
0408030453;DISCECTOMIA TORACO- LOMBO-SACRA POR VIA ANTERIOR (C/ 2 OU MAIS NÍVEIS);Neurológica;11
0408030518;RESSECÇÃO DE 2 OU MAIS CORPOS VERTEBRAIS TORACO- LOMBO-SACROS;Neurológica;11
0408030640;REVISÃO DE ARTRODESE TRATAMENTO CIRÚRGICO DE PSEUDOARTORSE DA COLUNA CERVICAL ANTERIOR;Neurológica;11
0408030828;TRATAMENTO CIRÚRGICO DE DEFORMIDADE DA COLUNA VIA POSTERIOR ONZE NÍVEIS;Neurológica;11
0408030852;TRATAMENTO CIRÚRGICO DE DEFORMIDADE DA COLUNA VIA POSTERIOR CINCO NÍVEIS;Neurológica;11
0408030895;TRATAMENTO CIRÚRGICO DE DEFORMIDADE DA COLUNA VIA POSTERIOR DOIS NÍVEIS;Neurológica;11
0408030917;ARTRODESE CERVICAL / CERVICO TORÁCICA POSTERIOR QUATRO NÍVEIS;Neurológica;11
0408050039;ARTRODESE DE MEDIAS / GRANDES ARTICULAÇÕES DE MEMBRO INFERIOR;Neurológica;11
0408060050;ARTRODESE DE PEQUENAS ARTICULAÇÕES;Neurológica;11
0408060530;TRANSPOSIÇÃO / TRANSFERÊNCIA MIOTENDINOSA MÚLTIPLA;Neurológica;11
0408060549;TRANSPOSIÇÃO / TRANSFERÊNCIA MIOTENDINOSA ÚNICA;Neurológica;11
0405010036;DACRIOCISTORRINOSTOMIA;Oftalmologia;12
0405010079;EXÉRESE DE CALAZIO E OUTRAS PEQUENAS LESOES DA PALPEBRA E SUPERCILIOS;Oftalmologia;12
0405010117;RECONSTITUICAO DE CANAL LACRIMAL;Oftalmologia;12
0405010184;TRATAMENTO CIRURGICO DE BLEFAROCALASE;Oftalmologia;12
0405040202;TRATAMENTO DE PTOSE PALPEBRAL;Oftalmologia;12
0405050135;IMPLANTE DE PRÓTESE ANTI-GLAUCOMATOSA;Oftalmologia;12
0405050321;TRABECULECTOMIA;Oftalmologia;12
0405010010;CORRECAO CIRURGICA DE ENTROPIO E ECTROPIO;Oftalmologia;13
0405030134;VITRECTOMIA ANTERIOR;Oftalmologia;13
0405030142;VITRECTOMIA POSTERIOR;Oftalmologia;13
0405030169;VITRECTOMIA POSTERIOR COM INFUSÃO DE PERFLUOCARBONO E ENDOLASER;Oftalmologia;13
0405030177;VITRECTOMIA POSTERIOR COM INFUSÃO DE PERFLUOCARBONO/ÓLEO DE SILICONE/ENDOLASER;Oftalmologia;13
0405050097;FACECTOMIA COM IMPLANTE DE LENTE INTRA-OCULAR;Oftalmologia;14
0405050100;FACECTOMIA S/ IMPLANTE DE LENTE INTRA-OCULAR;Oftalmologia;14
0405050119;FACOEMULSIFICAÇÃO COM IMPLANTE DE LENTE INTRA-OCULAR RIGIDA;Oftalmologia;14
0405050372;FACOEMULSIFICAÇÃO COM IMPLANTE DE LENTE INTRA-OCULAR DOBRAVEL;Oftalmologia;14
0408050047;ARTROPLASTIA DE JOELHO (NÃO CONVENCIONAL);Ortopedia Geral;15
0408050055;ARTROPLASTIA TOTAL DE JOELHO - REVISÃO / RECONSTRUÇÃO;Ortopedia Geral;15
0408050063;ARTROPLASTIA TOTAL PRIMÁRIA DO JOELHO;Ortopedia Geral;15
0408050071;ARTROPLASTIA UNICOMPARTIMENTAL PRIMÁRIA DO JOELHO;Ortopedia Geral;15
0408040041;ARTROPLASTIA DE QUADRIL (NÃO CONVENCIONAL);Ortopedia Geral;16
0408040050;ARTROPLASTIA PARCIAL DE QUADRIL;Ortopedia Geral;16
0408040068;ARTROPLASTIA TOTAL DE CONVERSÃO DO QUADRIL;Ortopedia Geral;16
0408040076;ARTROPLASTIA DE REVISÃO OU RECONSTRUÇÃO DO QUADRIL;Ortopedia Geral;16
0408040084;ARTROPLASTIA TOTAL PRIMÁRIA DO QUADRIL CIMENTADA;Ortopedia Geral;16
0408040092;ARTROPLASTIA TOTAL PRIMARIA DO QUADRIL NÃO CIMENTADA / HÍBRIDA;Ortopedia Geral;16
0408020040;ARTROPLASTIA DE ARTICULAÇÃO DA MÃO;Ortopedia Geral;17
0408020148;RECONSTRUÇÃO DE POLIA TENDINOSA DOS DEDOS DA MÃO;Ortopedia Geral;17
0408060646;TRATAMENTO CIRÚRGICO DE MÃO OU PÉ EM FENDA / DEDO BÍFIDO / MACRODACTILIA / POLIDACTILIA;Ortopedia Geral;17
0408060697;TRATAMENTO CIRÚRGICO DE SINDACTILIA COMPLEXA (C/ FUSÃO ÓSSEA);Ortopedia Geral;17
0408060700;TRATAMENTO CIRÚRGICO DE SINDACTILIA SIMPLES (DOIS DEDOS);Ortopedia Geral;17
0408040173;REDUÇÃO INCRUENTA C/ MANIPULAÇÃO DE LUXAÇÃO ESPONTÂNEA / PROGRESSIVA DO QUADRIL COM APLICAÇÃO DE DISPOSITIVOS DE CONTENÇÃO;Ortopedia Geral;18
0408060115;ENCURTAMENTO DE OSSOS LONGOS EXCETO DA MÃO E DO PÉ;Ortopedia Geral;18
0303110015;TRATAMENTO DAS MALFORMACOES E DEFORMIDADES CONGENITAS DO SISTEMA OSTEOMUSCULAR;Ortopedia Geral;18
0308010019;TRATAMENTO CLÍNICO/CONSERVADOR DE TRAUMATISMOS DE QUALQUER LOCALIZAÇÃO;Ortopedia Geral;18
0403020123;TRATAMENTO CIRURGICO DE SINDROME COMPRESSIVA EM TUNEL OSTEO-FIBROSO AO NIVEL DO CARPO;Ortopedia Geral;18
0403050049;CORDOTOMIA / MIELOTOMIA POR RADIOFREQUENCIA;Ortopedia Geral;18
0404020380;TRATAMENTO CIRÚRGICO DE OSTEOMIELITE DE OSSOS DA FACE;Ortopedia Geral;18
0404020569;ARTROPLASTIA DA ARTICULAÇÃO TÊMPORO- MANDIBULAR (RECIDIVANTE OU NÃO);Ortopedia Geral;18
0408010045;ARTROPLASTIA ESCAPULO-UMERAL PARCIAL;Ortopedia Geral;18
0408010053;ARTROPLASTIA ESCAPULO-UMERAL TOTAL;Ortopedia Geral;18
0408010061;ARTROPLASTIA ESCAPULO-UMERAL TOTAL - REVISÃO / RECONSTRUÇÃO;Ortopedia Geral;18
0408010100;OSTECTOMIA DA CLAVÍCULA OU DA ESCÁPULA;Ortopedia Geral;18
0408010118;OSTEOTOMIA DA CLAVÍCULA OU DA ESCÁPULA;Ortopedia Geral;18
0408010126;REDUCAO INCRUENTA DE FRATURA E FRATURA- LUXACAO AO NIVEL DA CINTURA ESCAPULAR;Ortopedia Geral;18
0408010134;REDUCAO INCRUENTA DE LUXAÇÃO OU FRATURA / LUXAÇÃO ESCÁPULO- UMERAL;Ortopedia Geral;18
0408010142;REPARO DE ROTURA DO MANGUITO ROTADOR (INCLUI PROCEDIMENTOS DESCOMPRESSIVOS);Ortopedia Geral;18
0408010150;TRATAMENTO CIRÚRGICO DE FRATURA DA CLAVÍCULA;Ortopedia Geral;18
0408010185;TRATAMENTO CIRURGICO DE LUXACAO / FRATURA- LUXACAO ACROMIO- CLAVICULAR;Ortopedia Geral;18
0408010193;TRATAMENTO CIRÙRGICO DE LUXAÇÁO / FRATURA- LUXAÇÃO ESCÁPULO- UMERAL AGUDA;Ortopedia Geral;18
0408010215;TRATAMENTO CIRÚRGICO DE LUXAÇÃO RECIDIVANTE / HABITUAL DE ARTICULAÇÃO ESCAPULO-UMERAL;Ortopedia Geral;18
0408010223;TRATAMENTO CIRÚRGICO DE RETARDO DE CONSOLIDAÇÃO DA PSEUDARTROSE DE CLAVICULA / ESCAPULA;Ortopedia Geral;18
0408010231;TRATAMENTO CIRÚRGICO DA SÍNDROME DO IMPACTO SUB-ACROMIAL;Ortopedia Geral;18
0408020075;ARTROPLASTIA TOTAL DE COTOVELO;Ortopedia Geral;18
0408020091;RESSECÇÃO DO OLECRANO E/OU CABEÇA DO RÁDIO;Ortopedia Geral;18
0408020105;FASCIOTOMIA DE MEMBROS SUPERIORES;Ortopedia Geral;18
0408020121;REALINHAMENTO DE MECANISMO EXTENSOR DOS DEDOS DA MÃO;Ortopedia Geral;18
0408020130;RECONSTRUÇÃO CAPSULO-LIGAMENTAR DE COTOVELO PUNHO;Ortopedia Geral;18
0408020245;REDUÇÃO INCRUENTA DE LUXAÇÃO OU FRATURA / LUXACAO NO PUNHO;Ortopedia Geral;18
0408020300;TENOSINOVECTOMIA EM MEMBRO SUPERIOR;Ortopedia Geral;18
0408020326;TRATAMENTO CIRÚRGICO DE DEDO EM GATILHO;Ortopedia Geral;18
0408020334;TRATAMENTO CIRÚRGICO DE FRATURA / LESÃO FISARIA DA EXTREMIDADE PROXIMAL DO UMERO;Ortopedia Geral;18
0408020342;TRATAMENTO CIRÚRGICO DE FRATURA / LESÃO FISARIA DAS FALANGES DA MÃO (COM FIXAÇÃO);Ortopedia Geral;18
0408020440;TRATAMENTO CIRÚRGICO DE FRATURA LESÃO FISARIA DOS OSSOS DO ANTEBRAÇO;Ortopedia Geral;18
0408020466;TRATAMENTO CIRÚRGICO DE FRATURAS DOS OSSOS DO CARPO;Ortopedia Geral;18
0408020482;TRATAMENTO CIRÚRGICO DE LESÃO AGUDA CAPSULO-LIGAMENTAR DO MEMBRO SUPERIOR: COTOVELO / PUNHO;Ortopedia Geral;18
0408020490;TRATAMENTO CIRÚRGICO DE LESÃO DA MUSCULATURA INTRÍNSECA DA MÃO;Ortopedia Geral;18
0408020547;TRATAMENTO CIRÚRGICO DE LUXAÇÃO OU FRATURA-LUXAÇÃO DO COTOVELO;Ortopedia Geral;18
0408020555;TRATAMENTO CIRÚRGICO DE PSEUDARTROSE / RETARDO DE CONSOLIDAÇÃO / PERDA ÓSSEA DA MÃO;Ortopedia Geral;18
0408020563;TRATAMENTO CIRÚRGICO DE PSEUDARTROSE / RETARDO DE CONSOLIDAÇÃO / PERDA ÓSSEA DO ANTEBRAÇO;Ortopedia Geral;18
0408020571;TRATAMENTO CIRÚRGICO DE PSEUDARTROSE / RETARDO DE CONSOLIDAÇÃO / PERDA ÓSSEA DO ÚMERO;Ortopedia Geral;18
0408020580;TRATAMENTO CIRÚRGICO DE PSEUDARTROSE AO NÍVEL DO COTOVELO;Ortopedia Geral;18
0408020601;TRATAMENTO CIRÚRGICO DE PSEUDO-RETARDO / CONSOLIDAÇÃO / PERDA ÓSSEA AO ÍIVEL DO CARPO;Ortopedia Geral;18
0408020610;TRATAMENTO CIRÚRGICO DE ROTURA / DESINSERÇÃO / ARRANCAMENTO CAPSULO-TENO- LIGAMENTAR NA MÃO;Ortopedia Geral;18
0408030682;TRATAMENTO CIRÚRGICO DE DEFORMIDADE DA COLUNA VIA ANTERIOR CINCO NÍVEIS;Ortopedia Geral;18
0408030860;TRATAMENTO CIRÚRGICO DE DEFORMIDADE DA COLUNA VIA POSTERIOR SEIS NÍVEIS;Ortopedia Geral;18
0408040122;EPIFISIODESE DO TROCANTER MAIOR DO FÊMUR;Ortopedia Geral;18
0408040130;EPIFISIODESE FEMORAL PROXIMAL IN SITU;Ortopedia Geral;18
0408040157;OSTEOTOMIA DA PELVE;Ortopedia Geral;18
0408040165;RECONSTRUÇÃO OSTEOPLASTICA DO QUADRIL;Ortopedia Geral;18
0408040262;TRATAMENTO CIRÚRGICO DE FRATURA / LUXAÇÃO / FRATURA-LUXAÇÃO / DISJUNÇÃO DO ANEL PÉLVICO ANTERO- POSTERIOR;Ortopedia Geral;18
0408040343;TRATAMENTO CIRURGICO DE LUXACAO ESPONTANEA / PROGRESSIVA / PARALITICA DO QUADRIL;Ortopedia Geral;18
0408050012;AMPUTACAO / DESARTICULACAO DE MEMBROS INFERIORES;Ortopedia Geral;18
0408050020;AMPUTACAO / DESARTICULACAO DE PE E TARSO;Ortopedia Geral;18
0408050080;FASCIOTOMIA DE MEMBROS INFERIORES;Ortopedia Geral;18
0408050128;REALINHAMENTO DO MECANISMO EXTENSOR DO JOELHO;Ortopedia Geral;18
0408050136;RECONSTRUÇÃODE TENDAO PATELAR / TENDAO QUADRICIPITAL;Ortopedia Geral;18
0408050144;RECONSTRUÇÃO LIGAMENTAR DO TORNOZELO;Ortopedia Geral;18
0408050152;RECONSTRUÇÃO LIGAMENTAR EXTRA- ARTICULAR DO JOELHO;Ortopedia Geral;18
0408050160;RECONSTRUÇÃOLIGAMENTAR INTRA-ARTICULAR DO JOELHO (CRUZADO ANTERIOR)  ;Ortopedia Geral;18
0408050179;RECONSTRUÇÃO LIGAMENTAR INTRA- ARTICULAR DO JOELHO (CRUZADO POSTERIOR COM OU SEM ANTERIOR);Ortopedia Geral;18
0408050276;REDUCAO INCRUENTA DE LUXACAO FEMURO- PATELAR;Ortopedia Geral;18
0408050330;REVISÃO CIRURGICA DE COTO DE AMPUTAÇÃO EM MEMBRO INFERIOR (EXCETO DEDOS DO PÉ);Ortopedia Geral;18
0408050349;REVISÃO CIRÚRGICA DO PE TORTO CONGENITO;Ortopedia Geral;18
0408050357;SINDACTILIA CIRURGICA DOS DEDOS DO PE (PROCEDIMENTO TIPO KELIKIAN);Ortopedia Geral;18
0408050373;TENOSINOVECTOMIA EM MEMBRO INFERIOR;Ortopedia Geral;18
0408050381;TRANSFERÊNCIA DO GRANDE TROCANTER (PROCEDIMENTO ISOLADO);Ortopedia Geral;18
0408050390;TRANSFERENCIA MUSCULAR / TENDINOSA NO MEMBRO INFERIOR;Ortopedia Geral;18
0408050454;TRATAMENTO CIRURGICO DE FRATURA / LESAO FISARIA DE OSSOS DO MEDIO-PE;Ortopedia Geral;18
0408050497;TRATAMENTO CIRÚRGICO DE FRATURA BIMALEOLAR / TRIMALEOLAR / DA FRATURA-LUXAÇÃO DO TORNOZELO;Ortopedia Geral;18
0408050500;TRATAMENTO CIRÚRGICO DE FRATURA DA DIÁFISE DA TÍBIA;Ortopedia Geral;18
0408050519;TRATAMENTO CIRÚRGICO DE FRATURA DA DIÁFISE DO FÊMUR;Ortopedia Geral;18
0408050527;TRATAMENTO CIRÚRGICO DE FRATURA DA PATELA POR FIXAÇÃO INTERNA;Ortopedia Geral;18
0408050659;TRATAMENTO CIRÚRGICO DE HALUX VALGUS COM OSTEOTOMIA DO PRIMEIRO OSSO METATARSIANO;Ortopedia Geral;18
0408050667;TRATAMENTO CIRÚRGICO DE LESÃO AGUDA CAPSULO-LIGAMENTAR MEMBRO INFERIOR (JOELHO / TORNOZELO);Ortopedia Geral;18
0408050683;TRATAMENTO CIRÚRGICO DE LUXAÇÃO / FRATURA- LUXAÇÃO AO NÍVEL DO JOELHO;Ortopedia Geral;18
0408050705;TRATAMENTO CIRÚRGICO DE LUXAÇÃO / FRATURA- LUXAÇÃO SUBTALAR E INTRA-TARSICA;Ortopedia Geral;18
0408050721;TRATAMENTO CIRÚRGICO DE METATARSO PRIMO VARO;Ortopedia Geral;18
0408050730;TRATAMENTO CIRÚRGICO DE PÉ CAVO;Ortopedia Geral;18
0408050748;TRATAMENTO CIRÚRGICO DE PÉ PLANO VALGO;Ortopedia Geral;18
0408050764;TRATAMENTO CIRÚRGICO DE PÉ TORTO CONGÊNITO;Ortopedia Geral;18
0408050780;TRATAMENTO CIRÚRGICO DE PSEUDARTROSE / RETARDO DE CONSOLIDAÇÃO / PERDA ÓSSEA AO NÍVEL DO TARSO;Ortopedia Geral;18
0408050799;TRATAMENTO CIRÚRGICO DE PSEUDARTROSE / RETARDO DE CONSOLIDAÇÃO / PERDA ÓSSEA DA DIÁFISE DO FÊMUR;Ortopedia Geral;18
0408050802;TRATAMENTO CIRÚRGICO DE PSEUDARTROSE / RETARDO DE CONSOLIDAÇÃO / PERDA ÓSSEA DA REGIÃO TROCANTERIANA;Ortopedia Geral;18
0408050810;TRATAMENTO CIRÚRGICO DE PSEUDARTROSE / RETARDO DE CONSOLIDAÇÃO / PERDA ÓSSEA DO COLO DO FÊMUR;Ortopedia Geral;18
0408050829;TRATAMENTO CIRÚRGICO DE PSEUDARTROSE / RETARDO DE CONSOLIDAÇÃO / PERDA ÓSSEA DO PÉ;Ortopedia Geral;18
0408050837;TRATAMENTO CIRÚRGICO DE PSEUDARTROSE / RETARDO DE CONSOLIDAÇÃO / PERDA ÓSSEA METÁFISE DISTAL DO FÊMUR;Ortopedia Geral;18
0408050845;TRATAMENTO CIRÚRGICO DE PSEUDARTROSE / RETARDO DE CONSOLIDAÇÃO AO NÍVEL DO JOELHO;Ortopedia Geral;18
0408050853;TRATAMENTO CIRÚRGICO DE PSEUDARTROSE CONGÊNITA DA TÍBIA;Ortopedia Geral;18
0408050861;TRATAMENTO CIRÚRGICO DE PSEUDARTROSE / RETARDO DE CONSOLIDAÇÃO / PERDA ÓSSEA DA DIÁFISE TIBIAL;Ortopedia Geral;18
0408050870;TRATAMENTO CIRÚRGICO DE PSEUDARTROSE / RETARDO DE CONSOLIDAÇÃO/ PERDA ÓSSEA DA METÁFISE TIBIAL;Ortopedia Geral;18
0408050888;TRATAMENTO CIRÚRGICO DE ROTURA DE MENISCO COM SUTURA MENISCAL UNI / BICOMPATIMENTAL;Ortopedia Geral;18
0408050896;TRATAMENTO CIRÚRGICO DE ROTURA DO MENISCO COM MENISCECTOMIA PARCIAL / TOTAL;Ortopedia Geral;18
0408050900;TRATAMENTO CIRÚRGICO DO HALUX RIGIDUS;Ortopedia Geral;18
0408050918;TRATAMENTO CIRÚRGICO DO HALUX VALGUS S/ OSTEOTOMIA DO PRIMEIRO OSSO METATARSIANO;Ortopedia Geral;18
0408050926;TRATAMENTO DAS LESÕES OSTEO- CONDRAIS POR FIXAÇÃO OU MOSAICOPLASTIA JOELHO/TORNOZELO;Ortopedia Geral;18
0408060018;ALONGAMENTO / ENCURTAMENTO MIOTENDINOSO;Ortopedia Geral;18
0408060042;AMPUTAÇÃO / DESARTICULAÇÃO DE DEDO;Ortopedia Geral;18
0408060069;ARTROPLASTIA DE RESSECÇÃO DE MÉDIA / GRANDE ARTICULAÇÃO;Ortopedia Geral;18
0408060077;ARTROPLASTIA DE RESSECÇÃO DE PEQUENAS ARTICULAÇÕES;Ortopedia Geral;18
0408060085;BURSECTOMIA;Ortopedia Geral;18
0408060107;DIAFISECTOMIA DE OSSOS LONGOS;Ortopedia Geral;18
0408060123;EXPLORAÇÃO ARTICULAR C/ OU S/ SINOVECTOMIA DE MÉDIAS / GRANDES ARTICULAÇÕES;Ortopedia Geral;18
0408060131;EXPLORAÇÃO ARTICULAR C/ OU S/ SINOVECTOMIA DE PEQUENAS ARTICULAÇÕES;Ortopedia Geral;18
0408060140;FASCIECTOMIA;Ortopedia Geral;18
0408060158;MANIPULAÇÃO ARTICULAR;Ortopedia Geral;18
0408060166;OSTECTOMIA DE OSSOS DA MÃO E/OU DO PÉ;Ortopedia Geral;18
0408060174;OSTECTOMIA DE OSSOS LONGOS EXCETO DA MÃO E DO PÉ;Ortopedia Geral;18
0408060182;OSTEOTOMIA DE OSSOS DA MÃO E/OU DO PÉ;Ortopedia Geral;18
0408060190;OSTEOTOMIA DE OSSOS LONGOS EXCETO DA MÃO E DO PÉ;Ortopedia Geral;18
0408060204;REINSERÇÃO MUSCULAR;Ortopedia Geral;18
0408060212;RESSECÇÃO DE CISTO SINOVIAL;Ortopedia Geral;18
0408060247;RESSECÇÃO DE TUMOR E RECONSTRUÇÃO C/ RETALHO NÃO MICROCIRÚRGICO (EXCETO MÃO E PÉ);Ortopedia Geral;18
0408060255;RESSECÇÃO DE TUMOR E RECONSTRUÇÃO C/ TRANSPORTE ÓSSEO;Ortopedia Geral;18
0408060263;RESSECÇÃO DE TUMOR ÓSSEO C/ SUBSTITUIÇÃO (ENDOPRÓTESE);Ortopedia Geral;18
0408060271;RESSECÇÃO DE TUMOR ÓSSEO E RECONSTRUÇÃO C/ ENXERTO;Ortopedia Geral;18
0408060298;RESSECÇÃO DE TUMOR ÓSSEO E RECONSTRUÇÃO POR DESLIZAMENTO;Ortopedia Geral;18
0408060328;RETIRADA DE CORPO ESTRANHO INTRA- ARTICULAR;Ortopedia Geral;18
0408060336;RETIRADA DE CORPO ESTRANHO INTRA-ÓSSEO;Ortopedia Geral;18
0408060344;RETIRADA DE ESPAÇADORES / OUTROS MATERIAIS;Ortopedia Geral;18
0408060425;REVISÃO CIRÚRGICA DE COTO DE AMPUTAÇÃO DOS DEDOS;Ortopedia Geral;18
0408060441;TENÓLISE;Ortopedia Geral;18
0408060450;TENOMIORRAFIA;Ortopedia Geral;18
0408060468;TENOMIOTOMIA / DESINSERÇÃO;Ortopedia Geral;18
0408060476;TENOPLASTIA OU ENXERTO DE TENDÃO UNICO;Ortopedia Geral;18
0408060484;TENORRAFIA ÚNICA EM TÚNEL OSTEO-FIBROSO;Ortopedia Geral;18
0408060506;TRANSPLANTE DO SEGUNDO PODODÁCTILO PARA POLEGAR / QUALQUER OUTRO DEDO DA MÃO;Ortopedia Geral;18
0408060557;TRATAMENTO CIRÚRGICO DE ARTRITE INFECCIOSA (GRANDES E MÉDIAS ARTICULAÇÕES);Ortopedia Geral;18
0408060565;TRATAMENTO CIRÚRGICO DE ARTRITE INFECCIOSA DAS PEQUENAS ARTICULAÇÕES;Ortopedia Geral;18
0408060573;TRATAMENTO CIRÚRGICO DE DEDO EM MARTELO / EM GARRA (MÃO E PÉ);Ortopedia Geral;18
0408060581;TRATAMENTO CIRÚRGICO DE DEFORMIDADE ARTICULAR POR RETRACAO TENO- CAPSULO-LIGAMENTAR;Ortopedia Geral;18
0408060590;TRATAMENTO CIRÚRGICO DE FRATURA VICIOSAMENTE CONSOLIDADA DOS OSSOS LONGOS EXCETO DA MÃO E DO PÉ;Ortopedia Geral;18
0408060603;TRATAMENTO CIRÚRGICO DE HERNIA MUSCULAR;Ortopedia Geral;18
0408060662;TRATAMENTO CIRÚRGICO DE POLIDACTILIA ARTICULADA;Ortopedia Geral;18
0408060719;VIDEOARTROSCOPIA;Ortopedia Geral;18
0413040151;TRANSFERÊNCIA INTERMEDIÁRIA DE RETALHO;Ortopedia Geral;18
0413040178;TRATAMENTO CIRURGICO DE LESOES EXTENSAS C/ PERDA DE SUBSTANCIA CUTANEA;Ortopedia Geral;18
0413040208;TRATAMENTO CIRURGICO DE RETRACAO CICATRICIAL DOS DEDOS DA MAO/PE S/ COMPROMETIMENTO TENDINOSO;Ortopedia Geral;18
0413040216;TRATAMENTO CIRÚRGICO DE RETRAÇÃO CICATRICIAL EM UM ESTÁGIO;Ortopedia Geral;18
0413040240;TRATAMENTO CIRURGICO P/ REPARACOES DE PERDA DE SUBSTANCIA DA MAO;Ortopedia Geral;18
0415010012;TRATAMENTO C/ CIRURGIAS MULTIPLAS;Ortopedia Geral;18
0408060417;RETRAÇÃO CICATRICIAL DOS DEDOS COM COMPROMETIMENTO TENDINOSO (POR DEDO);Ortopedia Geral;18
0408010207;TRATAMENTO CIRÚRGICO DE LUXAÇÃO / FRATURA- LUXAÇÃO ESTERNO- CLAVICULAR;Ortopedia Geral;18
0408060352;RETIRADA DE FIO OU PINO INTRA-ÓSSEO;Ortopedia Geral;19
0408060360;RETIRADA DE FIXADOR EXTERNO;Ortopedia Geral;19
0408060379;RETIRADA DE PLACA E/OU PARAFUSOS;Ortopedia Geral;19
0408060387;RETIRADA DE PRÓTESE DE SUBSTITUIÇÃO DE GRANDES ARTICULAÇÕES (OMBRO / COTOVELO / QUADRIL / JOELHO);Ortopedia Geral;19
0404010016;ADENOIDECTOMIA;Otorrino Geral;20
0404010024;AMIGDALECTOMIA;Otorrino Geral;20
0404010032;AMIGDALECTOMIA COM ADENOIDECTOMIA;Otorrino Geral;20
0404020100;EXCISÃO EM CUNHA DE LÁBIO;Otorrino Geral;21
0404010245;MIRINGOTOMIA (TIMPANOPLASTIA);Otorrino Geral;21
0303140070;TRATAMENTO DE DOENÇA DO OUVIDO EXTERNO MÉDIO E DA MASTÓIDE;Otorrino Geral;21
0401020150;TRATAMENTO CIRÚRGICO DO SINUS PRÉ- AURICULAR;Otorrino Geral;21
0404010040;ANTROTOMIA DA MASTOIDE (DRENAGEM DE OTITE NO LACTENTE);Otorrino Geral;21
0404010067;DRENAGEM DE ABSCESSO PERIAMIGDALIANO;Otorrino Geral;21
0404010105;ESTAPEDECTOMIA;Otorrino Geral;21
0404010210;MASTOIDECTOMIA RADICAL;Otorrino Geral;21
0404010229;MASTOIDECTOMIA SUBTOTAL;Otorrino Geral;21
0404010237;MICROCIRURGIA OTOLOGICA;Otorrino Geral;21
0404010253;PARACENTESE DO TIMPANO;Otorrino Geral;21
0404010318;RETIRADA DE CORPO ESTRANHO DE OUVIDO / FARINGE / LARINGE / NARIZ;Otorrino Geral;21
0404010326;SINUSOTOMIA BILATERAL;Otorrino Geral;21
0404010334;SINUSOTOMIA ESFENOIDAL;Otorrino Geral;21
0404010350;TIMPANOPLASTIA (UNI / BILATERAL);Otorrino Geral;21
0404010385;TRATAMENTO CIRÚRGICO DE ESTENOSE DO CONDUTO AUDITIVO;Otorrino Geral;21
0404010415;TURBINECTOMIA;Otorrino Geral;21
0404010440;ANTROSTOMIA DE MAXILA INTRANASAL;Otorrino Geral;21
0404010482;SEPTOPLASTIA PARA CORREÇÃO DE DESVIO;Otorrino Geral;21
0404010504;TRATAMENTO CIRÚRGICO DE PERFURAÇÃO DO SEPTO NASAL;Otorrino Geral;21
0404010512;SINUSOTOMIA TRANSMAXILAR;Otorrino Geral;21
0404010520;SEPTOPLASTIA REPARADORA NÂO ESTÉTICA;Otorrino Geral;21
0404020038;CORREÇÃO CIRÚRGICA DE FÍSTULA ORO-NASAL / ORO-SINUSAL;Otorrino Geral;21
0404020046;CORREÇÃO CIRÚRGICA DE FÍSTULA SALIVAR COM RETALHO;Otorrino Geral;21
0404020321;RINOPLASTIA PARA DEFEITOS PÓS- TRAUMÁTICOS;Otorrino Geral;21
0404020348;TRATAMENTO CIRÚRGICO DE ATRESIA NARINÁRIA;Otorrino Geral;21
0404020542;REDUÇÃO CIRÚRGICA DE FRATURA DOS OSSOS PRÓPRIOS DO NARIZ;Otorrino Geral;21
0404030130;RINOSEPTOPLASTIA EM PACIENTE COM ANOMALIA CRÂNIO E BUCOMAXILOFACIAL;Otorrino Geral;21
0404030262;PALATOPLASTIA SECUNDÁRIA EM PACIENTE COM ANOMALIA CRÂNIO E BUCOMAXILOFACIAL;Otorrino Geral;21
0403010152;RESSECÇÃO DE MUCOCELE FRONTAL;Otorrino Geral;21
0401020029;ENXERTO DERMO- EPIDÉRMICO;Plástica;22
0401020037;ENXERTO LIVRE DE PELE TOTAL;Plástica;22
0401020142;TRATAMENTO CIRÚRGICO DE HIPERCERATOSE PLANTAR COM (CORREÇÃO PLÁSTICA);Plástica;22
0410010030;EXERESE DE MAMA SUPRANUMERARIA;Plástica;22
0410010073;PLASTICA MAMÁRIA FEMININA NAO ESTETICA;Plástica;22
0410010081;PLASTICA MAMÁRIA MASCULINA;Plástica;22
0410010090;PLASTICA MAMÁRIA RECONSTRUTIVA PÓS MASTECTOMIA C/ IMPLANTE DE PRÓTESE;Plástica;22
0413030016;LIPOASPIRAÇÃO DE GIBA OU REGIÃO SUBMANDIBULAR EM PACIENTES COM LIPODISTROFIA DECORRENTE DO USO DE ANTI-RETROVIRAL;Plástica;22
0413030024;LIPOASPIRAÇÃO DE PAREDE ABDOMINAL OU DORSO EM PACIENTES COM LIPODISTROFIA DECORRENTE DO USO DE ANTI-RETROVIRAL;Plástica;22
0413030083;TRATAMENTO DE GINECOMASTIA OU PSEUDOGINECOMASTIA EM PACIENTE COM LIPODISTROFIA DECORRENTE DO USO DE ANTI-RETROVIRAIS;Plástica;22
0413040020;CORREÇÃO DE RETRAÇÃO CICATRICIAL VÁRIOS ESTÁGIOS;Plástica;22
0413040046;DERMOLIPECTOMIA ABDOMINAL NAO ESTETICA (PLÁSTICA ABDOMINAL);Plástica;22
0413040054;DERMOLIPECTOMIA ABDOMINAL POS- CIRURGIA BARIATRICA;Plástica;22
0413040062;DERMOLIPECTOMIA BRAQUIAL POS-CIRURGIA BARIÁTRICA;Plástica;22
0413040070;DERMOLIPECTOMIA CRURAL POS-CIRURGIA BARIÁTRICA;Plástica;22
0413040089;MAMOPLASTIA PÓS- CIRURGIA BARIÁTRICA;Plástica;22
0413040097;PREPARO DE RETALHO;Plástica;22
0413040127;RECONSTRUCAO DE POLO SUPERIOR DA ORELHA;Plástica;22
0413040135;RECONSTRUCAO DO HELIX DA ORELHA;Plástica;22
0413040143;RECONSTRUCAO TOTAL DE ORELHA (MULTIPLOS ESTAGIOS);Plástica;22
0416080030;EXCISÃO E SUTURA DE LESÃO NA PELE COM PLASTICA EM Z OU ROTAÇÃO DE RETALHO EM ONCOLOGIA;Plástica;22
0401010082;FRENÉCTOMIA/FRENOTOMIA;Pediátrica;23
0403010209;TRATAMENTO CIRÚRGICO DE CRANIOSSINOSTOSE COM SUTURA ÚNICA;Pediátrica;23
0403010217;TRATAMENTO CIRÚRGICO DE CRANIOSSINOSTOSE COMPLEXA;Pediátrica;23
0404010369;TIMPANOTOMIA P/ TUBO DE VENTILACAO;Pediátrica;23
0404020097;EXCISÃO E SUTURA DE LESÃO NA BOCA;Pediátrica;23
0404030190;TIMPANOPLASTIA EM PACIENTE COM ANOMALIA CRÂNIO E BUCOMAXILOFACIAL (UNI / BILATERAL);Pediátrica;23
0406011460;FECHAMENTO DE COMUNICACAO INTERVENTRICULAR (CRIANÇA E ADOLESCENTE);Pediátrica;23
0406020132;EXCISAO E SUTURA DE HEMANGIOMA;Pediátrica;23
0407020217;ESFINCTEROTOMIA INTERNA E TRATAMENTO DE FISSURA ANAL;Pediátrica;23
0407020233;EXCISÃO DE LESÃO INTESTINAL / MESENTÉRICA LOCALIZADA;Pediátrica;23
0407020268;FECHAMENTO DE FÍSTULA DE RETO;Pediátrica;23
0407020276;FISTULECTOMIA / FISTULOTOMIA ANAL;Pediátrica;23
0407020284;HEMORROIDECTOMIA;Pediátrica;23
0407020411;RETOSSIGMOIDECTOMIA ABDOMINO-PERINEAL;Pediátrica;23
0407020470;TRATAMENTO CIRÚRGICO DE PROLAPSO ANAL;Pediátrica;23
0408020628;TRATAMENTO CIRÚRGICO DE SINDACTILIA DA MÃO (POR ESPACO INTERDIGITAL);Pediátrica;23
0408050772;TRATAMENTO CIRÚRGICO DE PÉ TORTO CONGÊNITO INVETERADO;Pediátrica;23
0408060034;ALONGAMENTO E/OU TRANSPORTE ÓSSEO DE OSSOS LONGOS (EXCETO DA MÃO E DO PÉ);Pediátrica;23
0408060654;TRATAMENTO CIRÚRGICO DE POLIDACTILIA NÃO ARTICULADA;Pediátrica;23
0409010219;NEFRECTOMIA TOTAL;Pediátrica;23
0409010324;PIELOPLASTIA;Pediátrica;23
0409010502;TRATAMENTO CIRÚRGICO DE REFLUXO VESICO- URETERAL;Pediátrica;23
0409010596;URETEROLITOTRIPSIA TRANSURETEROSCÓPICA;Pediátrica;23
0409020109;RESSECÇÃO E FECHAMENTO DE FÍSTULA URETRAL;Pediátrica;23
0409020133;URETROPLASTIA AUTÓGENA;Pediátrica;23
0409020176;URETROTOMIA INTERNA;Pediátrica;23
0409040088;EXÉRESE DE LESÃO DO CORDÃO ESPERMÁTICO;Pediátrica;23
0409040126;ORQUIDOPEXIA BILATERAL;Pediátrica;23
0409040134;ORQUIDOPEXIA UNILATERAL;Pediátrica;23
0409040142;ORQUIECTOMIA SUBCAPSULAR BILATERAL;Pediátrica;23
0409040177;PLÁSTICA DA BOLSAESCROTAL;Pediátrica;23
0409040215;TRATAMENTO CIRÚRGICO DE HIDROCELE;Pediátrica;23
0409050032;CORRECAO DE HIPOSPADIA (1º TEMPO);Pediátrica;23
0409050040;CORREÇÃO DE HIPOSPADIA (SEGUNDO TEMPO);Pediátrica;23
0409050083;POSTECTOMIA;Pediátrica;23
0409070181;HIMENOTOMIA;Pediátrica;23
0409050083;POSTECTOMIA;Pediátrica;23
0401020088;EXÉRESE DE CISTO SACRO-COCCIGEO;Proctologia;24
0407020020;AMPUTAÇÃO POR PROCIDÊNCIA DE RETO;Proctologia;24
0407020110;CRIPTECTOMIA ÚNICA / MÚLTIPLA;Proctologia;24
0407020136;DRENAGEM DE ABSCESSO ANU-RETAL;Proctologia;24
0407020160;ELETROCAUTERIZACAO DE LESAO TRANSPARIETAL DE ANUS;Proctologia;24
0407020179;ENTERECTOMIA;Proctologia;24
0407020225;EXCISÃO DE LESÃO / TUMOR ANU-RETAL;Proctologia;24
0407020314;LIGADURA ELÁSTICA DE HEMORROIDAS (SESSÃO);Proctologia;24
0407020322;PLÁSTICA ANAL EXTERNA / ESFINCTEROPLASTIA ANAL;Proctologia;24
0407020330;PROCTOCOLECTOMIA TOTAL COM RESERVATÒRIO ILEAL;Proctologia;24
0407020403;RETOSSIGMOIDECTOMIA ABDOMINAL;Proctologia;24
0403050146;SIMPATECTOMIA TORÁCICA VIDEOCIRÚRGICA;Torácica;25
0408030771;TRATAMENTO CIRÚRGICO DESCOMPRESSIVO AO NÍVEL DO DESFILADEIRO TORACICO;Torácica;25
0412010119;TRAQUEORRAFIA E/OU FECHAMENTO DE FÍSTULA TRAQUEO-CUTÂNEA;Torácica;25
0412020050;RESSECÇÃO DE TUMOR DO MEDIASTINO;Torácica;25
0412030098;PLEUROSTOMIA;Torácica;25
0412030110;PLEURODESE;Torácica;25
0412040115;RETIRADA DE CORPO ESTRANHO DA PAREDE TORÁCICA;Torácica;25
0412040158;TORACOPLASTIA (QUALQUER TÉCNICA);Torácica;25
0412040174;TORACOTOMIA EXPLORADORA;Torácica;25
0412040212;TRATAMENTO CIRURGICO DE PAREDE TORACICA;Torácica;25
0412050048;LOBECTOMIA PULMONAR;Torácica;25
0412050102;RESSECÇÃO EM CUNHA, TUMORECTOMIA / BIOPSIA DE PULMAO A CEU ABERTO;Torácica;25
0409010090;CISTOSTOMIA;Urologia Geral;26
0401010040;ELETROCOAGULACAO DE LESAO CUTANEA;Urologia Geral;26
0401010090;FULGURACAO / CAUTERIZACAO QUIMICA DE LESOES CUTANEAS;Urologia Geral;26
0402020022;SUPRARRENALECTOMIA UNILATERAL;Urologia Geral;26
0409010073;CISTOPLASTIA (CORREÇÃO DE EXTROFIA VESICAL);Urologia Geral;26
0409010111;DILATAÇÃO PERCUTÂNEA DE ESTENOSES URETERAIS E JUNÇÃO URETERO-VESICAL;Urologia Geral;26
0409010138;DRENAGEM DE ABSCESSO RENAL / PERI- RENAL;Urologia Geral;26
0409010146;EXTRAÇÃO ENDOSCÓPICA DE CÁLCULO EM PELVE RENAL;Urologia Geral;26
0409010162;IMPLANTE DE CATETER URETERAL POR TÉCNICA CISTOSCOPICA;Urologia Geral;26
0409010170;INSTALAÇÃO ENDOSCÓPICA DE CATETER DUPLO J;Urologia Geral;26
0409010189;LITOTRIPSIA;Urologia Geral;26
0409010197;LOMBOTOMIA;Urologia Geral;26
0409010200;NEFRECTOMIA PARCIAL;Urologia Geral;26
0409010316;PIELOLITOTOMIA;Urologia Geral;26
0409010367;RESSECÇÃO DO COLOVESICAL / TUMOR VESICAL A CÉU ABERTO;Urologia Geral;26
0409010375;RESSECÇÃO ENDOSCÓPICADA EXTREMIDADE DISTAL DO URETER;Urologia Geral;26
0409010383;RESSECCAO ENDOSCOPICA DE LESÃO VESICAL;Urologia Geral;26
0409010391;RETIRADA PERCUTÂNEA DE CÁLCULO URETERAL COM CATETER;Urologia Geral;26
0409010413;TRATAMENTO CIRÚRGICO DE BEXIGA NEUROGÊNICA;Urologia Geral;26
0409010421;TRATAMENTO CIRÚRGICO DE CISTO DE RIM POR PUNÇÃO;Urologia Geral;26
0409010510;TRATAMENTO CIRÚRGICO DE URETEROCELE;Urologia Geral;26
0409010570;URETEROPLASTIA;Urologia Geral;26
0409020036;EXTRACAO ENDOSCOPICA DE CORPO ESTRANHO / CALCULO NA URETRA C/ CISTOSCOPIA;Urologia Geral;26
0409020079;MEATOTOMIA SIMPLES;Urologia Geral;26
0409020087;RESSECÇÃO DE CARÚNCULAURETRAL.;Urologia Geral;26
0409020095;RESSECCAO DE PROLAPSO DA MUCOSA DA URETRA;Urologia Geral;26
0409020125;URETROPLASTIA (RESSECÇÃO DE CORDA);Urologia Geral;26
0409020141;URETROPLASTIA HETEROGENEA;Urologia Geral;26
0409030031;PROSTATOVESICULECTOMIA RADICAL  ;Urologia Geral;26
0409040037;EPIDIDIMECTOMIA;Urologia Geral;26
0409040053;ESPERMATOCELECTOMIA;Urologia Geral;26
0409040061;EXÉRESE DE CISTO DE BOLSA ESCROTAL;Urologia Geral;26
0409040070;EXÈRESE DE CISTO DE EPIDÍDIMO;Urologia Geral;26
0409040096;EXPLORACAO CIRURGICA DA BOLSA ESCROTAL;Urologia Geral;26
0409040169;ORQUIECTOMIA UNILATERAL;Urologia Geral;26
0409040185;REPARAÇÃO E OPERAÇÃO PLÁSTICA DO TESTÍCULO;Urologia Geral;26
0409040193;RESSECÇÃO PARCIAL DABOLSA ESCROTAL;Urologia Geral;26
0409040231;TRATAMENTO CIRÚRGICO DE VARICOCELE;Urologia Geral;26
0409050075;PLASTICA TOTAL DO PENIS;Urologia Geral;26
0702060011;CATETER DUPLO J;Urologia Geral;26
0409050091;RESTAURAÇÃO DA FUNÇÃO ERÉTIL DO PÊNIS;Urologia Geral;26
0409040240;VASECTOMIA;Urologia Geral;27
0409010065;CISTOLITOTOMIA E/OU RETIRADA DE CORPO ESTRANHO DA BEXIGA;Urologia Geral;28
0409010227;NEFROLITOTOMIA;Urologia Geral;28
0406020620;RETIRADA DE CATETER DE LONGA PERMANÊNCIA SEMI OU TOTALMENTE IMPLANTÁVEL;Urologia Geral;29
0409010154;EXTRACAO ENDOSCOPICA DE CORPO ESTRANHO / CALCULO EM URETER;Urologia Geral;29
0409010235;NEFROLITOTOMIA PERCUTÂNEA;Urologia Geral;29
0409010561;URETEROLITOTOMIA;Urologia Geral;29
0409050067;PLÁSTICA DE FREIO BÁLANO-PREPUCIAL;Urologia Geral;29
0409030023;PROSTATECTOMIA SUPRAPÚBICA;Urologia Geral;30
0409030040;RESSECÇÃO ENDOSCÓPICA DE PRÓSTATA;Urologia Geral;30
0406020493;TRATAMENTO CIRURGICO DE LESOES VASCULARES TRAUMATICAS DA REGIAO CERVICAL;Vascular;31
0406020566;TRATAMENTO CIRURGICO DE VARIZES (BILATERAL);Vascular;31
0406020574;TRATAMENTO CIRÚRGICO DE VARIZES (UNILATERAL);Vascular;31
0406040150;CORREÇÃO ENDOVASCULAR DE ANEURISMA / DISSECÇÃO DA AORTA ABDOMINAL COM ENDOPRÓTESE RETA / CÔNICA;Vascular;31
0406040176;CORREÇÃO ENDOVASCULAR DE ANEURISMA / DISSECÇÃO DA AORTA TORÁCICA COM ENDOPRÓTESE RETA OU CÔNICA;Vascular;31
